sender_id,sender_type,first_seen,last_seen,total_broadcasts,broadcasts_verified_accurate,broadcasts_verified_false,reliability_score,current_status
Outpost-Alpha,robot_outpost,2026-07-10,2026-07-18,6,6,0,92,active
Outpost-Beta,robot_outpost,2026-07-11,2026-07-19,3,3,0,85,active
Outpost-Gamma,robot_outpost,2026-07-17,2026-07-17,2,2,0,88,active
Outpost-Delta,robot_outpost,2026-07-10,2026-07-13,3,3,0,90,gone_quiet
Marv Mail,relay_identity,2026-07-10,2026-07-18,6,2,3,42,suspected_compromised
New Meridian,relay_identity,2026-07-11,2026-07-19,5,0,5,5,suspected_compromised
Mini-Marv-01,junior_scout_group,2026-07-11,2026-07-16,2,2,0,88,active
Mini-Marv-02,junior_scout_group,2026-07-12,2026-07-18,2,2,0,90,active
Mini-Marv-03,junior_scout_group,2026-07-14,2026-07-14,1,1,0,87,active
